Id,Date,Price
1,2017-01-12,20.86
2,2016-12-31,51.18
2,2016-12-31,44.0
3,2016-12-31,102.87
4,2017-01-12,43.8
4,2017-02-08,10.50
4,2016-12-31,13.28
5,2017-02-11,5.30
6,2016-12-31,12.28
6,2017-04-02,41.82
6,2016-12-31,29.00
8,2017-04-02,47.39
10,2017-02-08,94.48
10,2017-02-11,12.28
10,2017-02-12,27.84
11,2016-12-31,61.07
11,2017-01-09,89.86
11,2017-03-27,28.45
12,2016-12-31,103.44
12,2017-01-04,10.28
34,2017-02-22,30.28
54,2017-01-12,14.00
66,2016-12-31,16.47
100,2017-02-16,23.50
100,2017-02-17,43.8
100,2017-03-10,13.50
100,2017-03-24,12.09
100,2017-04-03,24.99
100,2017-05-14,120.94
100,2017-02-17,38.98
100,2017-03-10,8.49
100,2017-03-24,15.47
100,2017-04-03,51.18
100,2017-05-14,44.0
100,2017-05-23,30.28
100,2017-05-25,27.64
100,2017-06-06,102.87
100,2017-06-10,43.8
100,2017-06-26,34.02
100,2017-07-08,5.30
100,2017-07-25,16.47
100,2017-09-07,15.50
100,2017-10-21,39.76
100,2017-10-29,47.39
100,2017-10-31,12.28
100,2017-11-04,14.00
100,2017-11-15,10.50
100,2017-11-23,13.28
100,2017-12-02,7.30
100,2017-12-10,14.48
100,2017-12-30,41.82
100,2018-01-12,29.00
100,2018-02-02,20.86
100,2018-02-03,94.48
100,2018-02-12,12.28
100,2018-02-17,27.84
100,2018-02-17,23.50
100,2018-02-25,43.8
100,2018-02-28,13.50
100,2018-03-02,12.09
100,2018-04-07,24.99
100,2018-06-03,120.94
100,2018-06-03,38.98
100,2018-06-26,8.49
100,2018-06-30,15.47
100,2018-07-02,42.99
100,2018-07-08,20.25
101,2016-12-31,15.50
101,2017-03-28,39.28
101,2017-05-16,24.00
101,2017-05-27,41.04
101,2017-06-16,25.99
102,2016-12-31,64.93
102,2017-01-05,51.47
102,2017-01-27,18.26
102,2017-02-08,19.8
102,2017-02-11,21.25
102,2017-02-14,75.95
102,2017-03-13,28.45
102,2017-07-03,36.02
102,2017-09-05,23.00
102,2017-09-16,82.45
102,2017-09-29,20.8
102,2017-11-05,11.49
102,2017-11-18,15.47
102,2017-11-20,26.65
102,2017-11-20,16.4
102,2017-12-27,22.28
102,2018-01-09,12.28
102,2018-02-15,30.43
102,2018-03-05,11.00
102,2018-05-15,10.48
102,2018-06-06,44.83
102,2018-06-10,7.30
102,2018-06-16,27.98
103,2016-12-31,15.50
103,2017-05-15,106.6
103,2018-03-28,15.00
104,2016-12-31,29.99
105,2016-12-31,15.47
105,2017-01-21,25.88
105,2017-02-17,12.28
105,2017-02-22,30.49
105,2017-03-03,30.47
105,2017-03-07,94.08
105,2017-03-13,5.30
105,2017-12-18,6.30
106,2016-12-31,14.48
106,2017-03-27,63.99
106,2017-05-20,81.92
106,2017-06-23,15.00
106,2017-08-14,19.50
106,2017-10-12,99.0
106,2017-10-20,141.19
106,2017-10-28,50.42
106,2017-11-16,21.49
106,2017-11-22,15.47
106,2018-02-04,15.00
106,2018-02-07,36.84
106,2018-02-10,16.00
106,2018-03-08,42.4
106,2018-03-13,18.99
106,2018-03-14,11.49
106,2018-03-29,68.96
107,2016-12-31,51.62
107,2017-01-10,14.50
107,2017-02-11,32.02
107,2017-02-17,14.48
107,2017-02-17,87.55
107,2017-02-19,9.28
107,2017-04-23,293.17
107,2017-06-08,28.98
107,2017-06-11,9.28
107,2017-07-14,20.05
107,2017-08-13,11.28
107,2017-09-04,7.00
107,2017-09-09,15.50
107,2017-09-18,14.48
107,2017-10-12,12.28
107,2017-10-25,14.88
107,2017-11-06,30.84
107,2017-11-9,16.47
107,2017-11-17,13.28
107,2017-11-18,27.51
107,2017-11-21,21.46
108,2016-12-31,13.50
109,2016-12-31,24.45
110,2016-12-31,21.49
110,2017-02-11,13.50
110,2017-03-11,37.0
111,2016-12-31,11.00
111,2017-01-02,25.49
111,2017-01-02,48.79
111,2017-01-27,83.98
111,2017-02-01,12.28
111,2017-02-07,61.94
111,2017-02-07,27.85
111,2017-02-13,15.47
111,2017-02-15,15.87
111,2017-02-15,19.00
111,2017-02-16,58.98
111,2017-02-18,12.00
111,2017-03-04,15.87
111,2017-03-17,20.00
111,2017-03-22,33.50
111,2017-04-01,49.59
111,2017-04-10,16.00
111,2017-04-18,46.99
111,2017-04-22,14.50
111,2017-05-19,20.48
111,2017-05-21,15.47
111,2017-05-26,26.50
111,2017-05-29,15.47
111,2017-06-02,42.4
111,2017-06-20,47.79
111,2017-06-28,10.49
112,2016-12-31,3.50
113,2016-12-31,12.28
114,2016-12-31,60.36
114,2017-01-29,101.1
114,2017-03-09,15.87
114,2017-03-25,30.50
114,2017-03-26,32.84
114,2017-05-04,215.2
114,2017-06-11,30.17
115,2016-12-31,12.48
115,2017-01-02,34.89
115,2017-01-19,16.05
115,2017-02-04,3.50
115,2017-02-09,22.26
115,2017-02-09,14.50
115,2017-02-12,17.8
115,2017-02-21,30.46
115,2017-02-22,46.88
115,2017-02-28,24.50
115,2017-03-05,29.37
115,2017-03-08,38.47
115,2017-03-21,63.50
115,2017-04-07,29.64
115,2017-04-11,32.99
115,2017-05-12,12.00
115,2017-05-18,27.46
115,2017-05-23,163.40
115,2017-06-04,15.47
115,2017-06-13,27.64
115,2017-06-15,14.48
115,2017-06-17,14.08
115,2017-06-23,6.50
115,2017-06-23,43.4
115,2017-06-24,27.99
115,2017-06-24,71.34
115,2017-07-11,41.86
115,2017-07-17,14.88
115,2017-08-03,200.9
115,2017-08-04,16.00
115,2017-08-07,15.47
115,2017-08-11,29.44
115,2017-08-21,27.24
116,2016-12-31,13.28
116,2017-04-22,85.38
117,2016-12-31,15.47
117,2017-01-02,105.46
117,2017-01-11,40.48
117,2017-01-16,10.09
117,2017-02-11,81.24
117,2017-02-14,42.0
117,2017-03-05,20.48
117,2017-03-16,11.00
118,2016-12-31,60.96
118,2017-02-11,39.48
118,2017-05-26,47.79
118,2017-07-24,29.49
118,2017-11-29,13.50
119,2016-12-31,15.47
119,2017-02-12,16.50
120,2016-12-31,20.00
120,2017-04-21,11.00
120,2017-06-21,10.49
120,2017-08-15,30.09
120,2017-09-14,45.94
120,2017-09-28,15.99
120,2017-12-7,15.47
120,2018-02-08,24.58
120,2018-02-11,26.66
120,2018-03-05,14.88
120,2018-04-28,29.44
120,2018-05-30,15.00
121,2016-12-31,36.29
122,2016-12-31,14.50
543,2017-02-22,39.76
754,2017-04-02,27.64
1000,2016-12-31,17.50
1000,2017-01-24,58.97
1000,2017-01-31,14.50
1000,2017-02-02,79.72
1000,2017-02-15,45.98
1000,2017-02-22,14.88
1000,2017-02-23,39.37
1000,2017-03-09,49.45
1000,2017-03-11,14.88
1000,2017-04-10,27.45
1000,2017-04-28,11.28
1000,2017-06-13,43.85
1000,2017-06-20,88.69
1000,2017-06-23,79.7
1000,2017-09-12,65.25
1000,2017-09-17,16.27
1000,2017-10-04,35.25
1000,2017-10-13,64.96
1000,2017-10-14,10.28
1000,2017-10-20,66.48
1000,2017-10-21,53.80
1000,2017-10-31,32.98
1000,2017-11-02,28.49
1000,2017-11-9,14.28
1000,2017-11-27,29.2
1000,2017-12-9,34.23
1000,2017-12-19,13.50
1000,2018-01-29,58.0
1000,2018-02-04,118.74
1000,2018-02-10,121.66
1000,2018-03-13,75.24
1000,2018-03-18,52.18
1000,2018-03-21,38.22
1000,2018-03-25,72.14
1000,2018-03-31,93.32
1000,2018-04-08,10.09
1000,2018-04-22,41.98
1000,2018-06-04,10.00
1000,2018-06-23,12.28
1000,2018-07-12,29.57
1001,2016-12-31,35.99
1001,2017-02-11,41.49
1001,2017-03-11,53.97
1001,2017-03-31,20.46
1001,2017-04-06,43.64
1001,2017-04-17,15.89
1001,2017-04-28,36.44
1001,2017-05-06,63.09
1001,2017-06-30,133.18
1001,2017-10-19,44.40
1001,2017-10-29,60.05
1001,2017-11-7,15.30
1001,2017-12-02,15.87
1001,2017-12-12,43.22
1001,2017-12-13,30.87
1001,2018-03-31,43.98
1001,2018-05-02,18.2
1001,2018-05-08,13.28
1001,2018-05-11,13.50
1001,2018-05-31,70.93
1002,2016-12-31,12.76
1002,2017-02-02,25.49
1002,2017-04-15,43.60
1002,2017-04-24,22.00
1003,2016-12-31,29.84
1003,2017-02-12,30.24
1003,2017-04-28,13.48
1004,2016-12-31,31.56
1004,2017-02-16,44.20
1004,2017-02-28,31.86
1005,2016-12-31,10.49
1005,2017-01-16,14.88
1005,2017-09-15,35.98
1005,2017-11-17,47.97
1005,2017-11-25,29.84
1006,2016-12-31,91.47
1006,2017-03-30,10.48
1006,2017-03-31,22.00
1006,2017-04-29,14.50
1007,2016-12-31,95.7
1007,2018-01-05,13.00
1007,2018-07-07,12.28
1008,2016-12-31,30.17
1008,2017-05-17,21.26
1008,2017-06-19,54.49
1008,2017-09-20,14.50
1008,2018-03-29,55.6
1009,2016-12-31,15.87
1009,2017-01-16,53.49
1010,2016-12-31,67.47
1010,2017-08-31,55.78
1010,2017-10-9,74.13
1010,2017-12-29,17.8
1010,2018-01-07,26.65
1010,2018-02-08,15.47
1010,2018-02-16,39.98
1010,2018-03-26,140.2
1010,2018-06-29,106.27
1011,2016-12-31,12.28
1011,2017-01-30,16.50
1011,2017-02-16,12.28
1011,2017-04-08,77.72
1011,2017-04-08,25.48
1011,2017-05-08,11.00
1011,2017-05-12,30.43
1011,2017-07-17,36.50
1011,2017-07-30,7.29
1011,2017-08-21,153.40
1011,2017-09-02,40.42
1011,2017-12-12,27.50
1011,2018-01-09,15.87
1011,2018-01-21,13.48
1012,2016-12-31,70.58
1012,2017-01-08,60.47
1012,2017-01-25,28.49
1012,2017-04-23,29.00
1012,2017-05-02,12.28
1012,2017-06-21,54.47
1012,2017-09-03,26.64
1012,2017-11-14,12.28
1012,2018-02-02,26.48
1012,2018-06-13,53.22
1013,2016-12-31,36.79
1013,2017-01-08,47.92
1013,2017-01-17,5.30
1013,2017-04-02,18.4
1013,2017-05-11,21.05
1013,2017-05-27,126.20
1013,2017-08-28,13.28
1013,2017-09-18,22.27
1013,2017-09-22,15.87
1013,2017-11-05,10.00
1013,2017-11-14,58.02
1013,2017-11-24,14.48
1013,2018-01-02,30.43
1013,2018-01-05,14.50
1013,2018-01-06,14.27
1013,2018-03-06,39.0
1013,2018-03-11,68.08
1013,2018-03-29,150.43
1013,2018-03-31,12.28
1013,2018-04-15,36.46
1013,2018-05-06,35.22
1013,2018-05-07,73.50
1013,2018-05-07,27.65
1013,2018-05-12,15.47
1013,2018-06-12,15.47
1013,2018-06-23,24.99
1014,2016-12-31,14.28
1014,2017-01-08,16.87
1014,2017-01-11,25.4
1014,2017-02-02,15.47
1014,2017-02-04,53.96
1014,2017-03-01,25.99
1014,2017-04-24,39.50
1014,2017-05-13,22.00
1014,2017-05-16,20.49
1014,2017-06-20,0.51
1014,2017-07-04,177.37
1014,2017-08-21,11.28
1014,2017-10-10,13.00
1014,2017-10-30,41.62
1014,2017-10-31,66.98
1014,2017-11-04,26.28
1014,2017-11-21,10.49
1014,2017-11-28,13.50
1014,2017-12-02,24.98
1014,2017-12-21,16.99
1014,2017-12-28,38.50
1014,2018-01-08,39.48
1014,2018-02-22,26.25
1014,2018-03-03,93.30
1014,2018-03-28,26.49
1014,2018-03-29,26.25
1014,2018-04-17,61.00
1014,2018-05-11,79.95
1014,2018-07-03,27.98
1014,2018-07-03,48.48
1014,2018-07-12,25.8
1014,2018-07-13,13.09
1015,2016-12-31,52.48
1016,2016-12-31,54.47
1016,2017-07-02,3.50
1016,2017-09-12,14.48
1016,2017-11-01,14.48
1017,2016-12-31,15.47
1017,2017-01-25,9.48
1017,2017-02-06,12.28
1017,2017-02-11,317.27
1017,2017-04-22,29.25
1017,2017-05-06,60.47
1017,2017-06-01,24.27
1017,2017-07-01,16.47
1017,2017-07-16,46.55
1017,2017-07-28,55.59
1017,2017-09-30,69.40
1017,2017-11-05,30.84
1017,2017-12-05,12.28
1017,2017-12-29,13.50
1017,2018-01-18,25.24
1017,2018-01-24,14.48
1017,2018-03-16,31.43
1017,2018-04-11,83.7
1017,2018-05-04,100.44
1017,2018-05-12,46.97
1017,2018-06-27,78.98
1017,2018-07-07,70.84
1018,2016-12-31,21.27
1019,2016-12-31,29.84
1020,2016-12-31,15.87
1020,2017-03-28,12.28
1020,2017-08-25,34.65
1020,2017-09-19,20.50
1020,2017-09-29,15.50
1020,2017-10-7,48.82
1020,2017-10-30,29.44
1020,2017-11-29,12.00
1021,2016-12-31,37.37
1022,2016-12-31,16.00
1023,2016-12-31,10.49
1023,2017-01-03,27.49
1023,2017-01-14,57.48
1023,2017-01-18,29.49
1023,2017-01-23,29.48
1023,2017-01-29,58.96
1023,2017-02-07,10.50
1023,2017-02-12,69.36
1023,2017-02-25,25.99
1023,2017-03-24,13.28
1023,2017-03-26,12.28
1023,2017-04-13,15.47
1023,2017-04-14,10.50
1023,2017-04-20,11.28
1023,2017-05-08,15.30
1023,2017-05-10,24.05
1023,2017-06-20,63.47
1023,2017-06-24,182.53
1023,2017-06-26,15.47
1023,2017-06-29,24.24
1023,2017-07-04,12.28
1023,2017-07-29,9.48
1023,2017-08-21,15.50
1023,2017-09-09,58.20
1023,2017-09-11,96.45
1023,2017-09-21,54.05
1023,2017-10-28,24.25
1023,2017-11-01,13.50
1023,2017-11-05,30.49
1023,2017-11-18,44.98
1023,2017-11-20,73.36
1023,2017-12-03,13.00
1023,2017-12-13,12.28
1023,2017-12-26,7.30
1023,2018-01-06,13.28
1023,2018-01-09,10.28
1023,2018-01-30,45.39
1023,2018-02-01,3.50
1023,2018-03-03,48.48
1023,2018-03-03,15.00
1023,2018-03-08,28.45
1023,2018-03-12,25.00
1023,2018-03-22,29.25
1023,2018-03-23,25.50
1023,2018-03-24,50.79
1023,2018-04-05,27.24
1023,2018-04-19,19.15
1023,2018-04-22,54.78
1023,2018-04-26,34.2
1023,2018-04-26,42.87
1023,2018-05-01,22.25
1023,2018-06-06,51.86
1023,2018-06-25,38.4
1023,2018-07-01,24.49
1023,2018-07-09,15.50
1023,2018-07-11,121.56
1024,2016-12-31,12.28
1024,2017-01-23,162.55
1024,2017-02-10,31.23
1024,2017-03-31,58.79
1024,2017-05-13,89.98
1024,2017-06-17,27.49
1024,2017-06-19,12.28
1024,2017-06-23,255.86
1024,2017-07-13,13.50
1024,2017-07-14,51.48
1024,2017-07-18,51.25
1024,2017-07-18,39.48
1024,2017-07-19,6.29
1024,2017-08-07,66.50
1024,2017-08-20,58.57
1024,2017-08-25,7.28
1024,2017-09-06,20.07
1024,2017-09-21,54.47
1024,2017-09-24,23.48
1024,2017-10-16,10.00
1024,2017-10-24,24.27
1025,2016-12-31,38.02
1025,2017-01-05,40.02
1025,2017-02-17,16.51
1025,2017-08-28,17.2
1025,2017-09-19,18.27
1025,2017-10-10,30.43
1025,2017-11-25,34.51
1025,2018-03-27,24.50
1026,2016-12-31,30.43
1026,2017-02-17,89.7
1026,2017-02-25,40.48
1026,2017-04-28,27.64
1026,2017-05-12,23.47
1026,2017-08-25,12.28
1026,2017-09-04,26.00
1026,2017-09-15,494.42
1026,2017-09-22,25.25
1026,2017-09-28,14.48
1026,2017-10-13,46.59
1026,2017-11-22,15.87
1026,2017-11-27,12.28
1026,2017-12-03,57.97
1026,2017-12-04,1555.09
1026,2017-12-12,38.49
1026,2017-12-15,13.50
1026,2017-12-16,141.44
1026,2017-12-17,171.4
1026,2018-02-05,36.48
1026,2018-03-04,12.00
1026,2018-04-18,28.49
1026,2018-06-25,14.48
1026,2018-06-28,35.46
1026,2018-06-29,63.36
1027,2016-12-31,15.87
1027,2017-01-30,87.30
1028,2016-12-31,112.00
1028,2017-03-26,85.52
1029,2016-12-31,17.00
1030,2016-12-31,24.05
1030,2017-11-10,23.48
1030,2018-06-13,28.45
1031,2016-12-31,24.45
1032,2016-12-31,12.48
1033,2016-12-31,61.56
1034,2016-12-31,45.48
1035,2016-12-31,17.28
1035,2017-06-07,32.88
1035,2017-06-16,32.48
1036,2016-12-31,15.00
1036,2017-01-04,27.45
1036,2017-02-06,44.48
1036,2017-02-28,31.24
1036,2017-03-25,16.00
1036,2017-04-14,71.13
1036,2017-05-07,12.28
1036,2017-05-20,14.48
1037,2016-12-31,12.00
1037,2017-02-12,13.00
1038,2016-12-31,39.48
1038,2017-01-28,28.99
1038,2017-02-01,21.99
1039,2016-12-31,27.49
1039,2017-05-06,77.75
1039,2017-05-13,29.98
1039,2017-05-17,26.99
1039,2017-06-07,96.46
1039,2017-08-12,15.47
1039,2017-09-18,13.00
1039,2017-09-22,11.28
1039,2017-10-7,14.28
1039,2018-01-24,38.58
1039,2018-07-07,85.93
1040,2016-12-31,19.00
1041,2016-12-31,128.64
1041,2017-01-27,10.00
1041,2017-02-02,10.48
1041,2017-03-04,57.45
1041,2017-03-08,14.88
1041,2017-03-09,30.43
1041,2017-03-24,19.03
1041,2017-03-28,13.28
1041,2017-04-11,23.49
1041,2017-04-20,24.99
1041,2017-04-23,13.00
1041,2017-05-01,93.75
1041,2017-05-21,24.45
1041,2017-05-27,55.24
1041,2017-05-28,29.25
1041,2017-06-06,13.50
1041,2017-06-21,30.99
1041,2017-07-03,29.84
1041,2017-07-26,25.05
1041,2017-08-10,55.83
1041,2017-08-16,24.49
1041,2017-09-05,15.50
1041,2017-09-15,70.06
1041,2017-09-15,33.49
1041,2017-09-15,48.97
1041,2017-09-20,59.67
1041,2017-09-21,14.88
1041,2017-09-24,48.03
1041,2017-09-27,43.99
1041,2017-09-27,28.99
1041,2017-09-28,66.14
1041,2017-09-30,13.00
1041,2017-09-30,13.50
1041,2017-10-16,46.00
1041,2017-10-21,29.64
1041,2017-10-31,26.07
1041,2017-11-02,53.14
1041,2017-11-04,32.29
1041,2017-11-9,28.85
1041,2017-11-15,31.54
1041,2017-11-18,27.24
1041,2017-12-03,22.07
1041,2017-12-10,15.30
1041,2017-12-10,13.50
1041,2018-01-06,16.00
1041,2018-01-06,83.95
1041,2018-01-07,8.29
1041,2018-01-08,29.25
1041,2018-01-08,156.3
1041,2018-01-14,21.50
1041,2018-01-17,26.8
1041,2018-01-22,24.49
1041,2018-01-27,69.96
1041,2018-01-29,37.77
1041,2018-01-29,8.29
1041,2018-02-15,22.66
1041,2018-02-16,77.93
1041,2018-02-18,14.28
1041,2018-02-19,13.00
1041,2018-02-19,28.49
1041,2018-02-24,12.39
1041,2018-03-07,35.82
1041,2018-03-08,64.37
1041,2018-03-10,37.24
1041,2018-03-18,14.48
1041,2018-03-22,13.00
1041,2018-03-23,49.39
1041,2018-03-25,22.05
1041,2018-04-11,39.2
1041,2018-04-17,8.51
1041,2018-04-17,14.88
1042,2016-12-31,22.99
1043,2016-12-31,28.07
1044,2016-12-31,25.25
1044,2017-02-04,46.98
1044,2017-02-06,13.00
1044,2017-02-07,13.48
1044,2017-03-04,10.00
1044,2017-04-16,25.50
1044,2017-07-16,18.50
1044,2017-08-01,15.47
1044,2017-08-19,14.48
1044,2017-08-23,21.98
1044,2017-08-25,15.50
1044,2017-09-14,12.28
1044,2017-10-31,59.79
1044,2017-11-12,13.28
1044,2017-12-14,15.50
1044,2018-01-10,48.48
1044,2018-04-03,16.87
1044,2018-04-28,224.79
1044,2018-05-01,13.48
1044,2018-05-06,25.49
1044,2018-05-09,29.00
1044,2018-05-09,33.65
1045,2016-12-31,43.00
1045,2017-12-18,3.50
1046,2016-12-31,13.50
1046,2017-02-23,14.50
1046,2017-08-30,53.14
1046,2017-09-05,43.48
1046,2017-11-26,20.07
1047,2016-12-31,18.4
1047,2017-03-05,130.49
1048,2016-12-31,14.88
1049,2016-12-31,56.98
1050,2016-12-31,73.53
1050,2017-02-09,15.87
1050,2017-04-06,8.00
1050,2017-05-06,16.00
1050,2017-11-24,5.30
1050,2017-11-25,87.9
1050,2017-12-13,12.28
1051,2016-12-31,15.47
1052,2016-12-31,24.27
1052,2017-02-24,41.2
1052,2017-03-07,31.64
1052,2017-08-21,44.40
1052,2017-10-31,16.00
1053,2016-12-31,21.06
1053,2017-01-19,29.84
1053,2017-01-20,51.45
1053,2017-02-07,52.47
1053,2017-02-18,43.48
1053,2017-03-09,11.48
1053,2017-04-02,23.25
1053,2017-04-09,25.67
1053,2017-04-17,31.65
1053,2017-05-19,51.66
1053,2017-06-03,15.87
1053,2017-06-18,12.28
1053,2017-07-27,39.4
1053,2017-08-07,28.45
1053,2017-08-16,45.39
1053,2017-08-20,28.99
1053,2017-08-27,60.74
1053,2017-09-14,28.99
1053,2017-10-12,41.2
1053,2017-10-17,60.25
1053,2017-10-29,29.88
1053,2017-11-29,14.48
1053,2017-12-01,38.47
1053,2018-01-15,29.78
1053,2018-02-28,90.7
1053,2018-04-14,15.47
1053,2018-04-23,15.47
1054,2016-12-31,13.50
1054,2017-01-08,14.48
1054,2017-01-22,59.46
1054,2017-04-14,15.87
1054,2017-04-27,44.45
1054,2017-07-12,15.47
1054,2017-09-20,27.28
1054,2017-10-29,52.19
1054,2018-02-24,16.00
1054,2018-03-10,10.50
1054,2018-07-02,42.98
1055,2016-12-31,64.36
1055,2017-01-01,14.00
1055,2017-01-23,158.37
1055,2017-01-25,34.27
1055,2017-02-19,79.49
1055,2017-03-27,26.99
1055,2017-04-03,16.07
1055,2017-04-13,12.28
1055,2017-04-15,15.30
1055,2017-04-19,5.30
1055,2017-05-16,33.9
1055,2017-06-14,26.25
1055,2017-08-20,24.05
1055,2017-09-14,35.82
1055,2017-10-27,27.38
1055,2017-11-05,36.02
1055,2017-11-10,46.99
1055,2017-12-02,46.39
1055,2017-12-7,23.47
1055,2017-12-7,57.6
1055,2017-12-14,20.00
1055,2017-12-18,15.47
1055,2018-02-11,102.33
1055,2018-02-12,32.49
1055,2018-02-13,14.48
1055,2018-03-04,80.45
1055,2018-03-21,16.00
1055,2018-03-27,24.49
1055,2018-05-03,76.04
1055,2018-07-04,16.82
1056,2016-12-31,14.93
1056,2017-03-05,15.47
1056,2017-03-30,28.06
1056,2017-05-03,12.00
1056,2017-05-09,71.96
1056,2017-06-06,19.8
1056,2017-06-16,15.50
1056,2017-06-24,26.25
1056,2017-07-15,70.46
1056,2017-07-15,101.92
1056,2017-08-03,13.50
1056,2017-08-16,17.30
1056,2017-09-17,11.28
1056,2017-10-04,45.24
1056,2017-10-8,29.44
1056,2017-10-10,29.50
1056,2017-11-05,14.48
1056,2017-11-10,27.8
1056,2017-11-10,54.86
1056,2017-11-18,34.23
1056,2018-01-07,12.28
1056,2018-01-10,11.50
1056,2018-01-11,31.49
1056,2018-01-17,46.19
1056,2018-01-22,16.50
1056,2018-01-31,27.24
1056,2018-02-04,15.47
1056,2018-02-05,26.49
1056,2018-02-08,135.4
1056,2018-02-11,25.50
1056,2018-02-12,38.48
1056,2018-02-12,24.98
1056,2018-03-18,16.47
1056,2018-04-14,13.50
1056,2018-04-22,66.15
1056,2018-04-27,11.28
1056,2018-06-05,30.43
1056,2018-06-26,15.87
1056,2018-07-05,13.00
1057,2016-12-31,34.47
1057,2018-02-26,13.00
1058,2016-12-31,20.50
1058,2017-02-13,15.50
1058,2017-03-21,15.38
1058,2017-06-01,27.24
1058,2017-09-27,95.94
1058,2017-11-27,13.00
1059,2016-12-31,29.44
1059,2017-01-28,13.50
1059,2017-01-31,12.00
1059,2017-02-13,89.94
1059,2017-03-19,41.48
1059,2017-04-06,69.28
1059,2017-05-13,14.88
1059,2017-05-22,14.48
1059,2017-11-11,12.28
1059,2018-01-03,24.49
1059,2018-01-31,14.48
1059,2018-02-15,33.45
1059,2018-02-17,12.76
1059,2018-03-04,24.49
1059,2018-03-31,35.48
1059,2018-04-11,14.88
1059,2018-06-30,32.3
1060,2016-12-31,37.99
1061,2016-12-31,72.82
1062,2016-12-31,15.30
1062,2017-01-03,16.27
1062,2017-01-25,13.28
1062,2017-04-04,15.87
1062,2017-07-04,36.48
1063,2016-12-31,20.49
1063,2017-05-11,50.47
1063,2017-07-13,14.47
1063,2017-09-05,92.24
1064,2016-12-31,39.02
1065,2016-12-31,10.49
1066,2016-12-31,15.50
1066,2017-03-02,46.79
1066,2017-03-31,14.88
1067,2016-12-31,39.99
1067,2017-05-22,39.98
1067,2017-06-17,38.05
1067,2017-06-23,18.27
1067,2017-07-27,26.49
1068,2016-12-31,30.27
1068,2017-01-01,324.19
1068,2017-02-01,13.28
1068,2017-02-03,152.49
1068,2017-02-13,90.92
1068,2017-03-19,14.48
1069,2016-12-31,13.50
1069,2017-01-15,27.99
1069,2017-01-17,27.24
1069,2017-01-17,15.87
1070,2016-12-31,29.67
1071,2016-12-31,20.05
1071,2017-02-18,33.49
1071,2017-03-19,28.98
1071,2017-04-18,10.00
1072,2016-12-31,15.30
1073,2016-12-31,62.96
1073,2017-01-06,42.98
1073,2017-01-07,53.05
1073,2017-01-12,31.48
1073,2017-01-16,78.45
1073,2017-01-19,27.25
1073,2017-01-28,61.35
1073,2017-02-02,38.16
1074,2016-12-31,13.28
1074,2017-04-20,33.88
1074,2017-06-03,24.99
1074,2017-06-17,30.43
1074,2017-07-11,16.00
1074,2017-08-15,13.50
1074,2017-10-01,40.44
1074,2017-10-18,66.3
1074,2017-10-31,27.45
1074,2017-11-9,24.05
1074,2017-11-18,15.47
1074,2017-11-28,37.24
1074,2017-11-30,51.38
1075,2016-12-31,102.45
1075,2017-03-17,42.19
1075,2017-05-06,15.48
1075,2017-05-30,15.50
1075,2017-07-05,9.28
1075,2017-07-11,35.4
1075,2017-07-28,15.87
1075,2017-08-12,28.88
1075,2017-10-18,46.59
1075,2017-10-22,10.28
1075,2017-10-28,42.99
1075,2017-11-27,152.28
1075,2017-12-05,14.48
1075,2017-12-22,10.00
1075,2018-02-05,14.48
1075,2018-04-05,33.89
1075,2018-05-04,20.28
1075,2018-06-02,28.49
1075,2018-07-01,15.30
1076,2016-12-31,16.47
1076,2017-04-15,30.87
1076,2017-05-26,30.50
1076,2017-10-14,14.48
1076,2018-01-20,13.00
1076,2018-03-10,43.20
1076,2018-06-17,25.45
1077,2016-12-31,55.48
1077,2017-01-02,67.35
1077,2017-02-17,23.05
1078,2016-12-31,13.48
1079,2016-12-31,31.54
1079,2017-02-24,29.64
1079,2017-02-25,47.04
1079,2017-03-16,26.99
1079,2017-03-27,38.02
1079,2017-04-06,19.79
1079,2017-04-10,31.49
1080,2016-12-31,12.00
1080,2017-01-18,57.17
1080,2017-03-09,30.43
1080,2017-05-13,12.50
1080,2017-06-29,16.47
1080,2017-07-01,15.87
1080,2017-09-08,63.55
1081,2016-12-31,13.00
1081,2017-01-01,13.50
1081,2017-01-01,35.45
1081,2017-01-02,63.48
1081,2017-01-02,28.85
1081,2017-01-26,14.88
1082,2016-12-31,40.98
1083,2016-12-31,38.75
1083,2017-02-13,23.05
1083,2017-05-11,34.47
1083,2017-05-28,14.48
1083,2017-06-04,15.47
1083,2017-06-21,14.48
1083,2017-07-14,30.47
1083,2017-10-31,51.6
1084,2016-12-31,40.46
1084,2017-03-01,22.99
1084,2017-03-03,72.97
1084,2017-03-21,15.30
1084,2017-03-23,13.00
1084,2017-03-27,30.1
1084,2017-06-08,15.30
1084,2017-10-16,30.98
1084,2017-10-26,60.95
1084,2017-11-03,29.49
1084,2018-01-01,30.64
1084,2018-01-01,15.87
1084,2018-03-09,29.44
1084,2018-03-28,30.43
1084,2018-04-10,12.28
1084,2018-04-25,16.00
1084,2018-04-29,126.0
1085,2016-12-31,31.49
1085,2017-02-04,6.29
1085,2017-06-04,37.48
1085,2017-10-9,43.20
1085,2018-03-06,82.47
1086,2016-12-31,17.50
1087,2016-12-31,66.14
1087,2017-01-08,39.98
1087,2017-01-24,44.40
1088,2016-12-31,16.87
1088,2017-02-02,15.87
1088,2017-03-05,33.48
1088,2017-03-11,46.0
1088,2017-04-29,10.49
1088,2017-05-21,14.88
1088,2017-05-22,12.28
1088,2017-05-30,28.97
1088,2017-06-01,12.28
1088,2017-06-02,17.50
1088,2017-06-17,14.48
1088,2017-07-06,15.30
1088,2017-07-25,14.88
1088,2017-08-16,6.29
1088,2017-08-16,13.28
1088,2017-09-03,86.26
1089,2016-12-31,67.99
1090,2016-12-31,12.76
1090,2017-04-01,16.47
1090,2017-05-03,44.2
1090,2017-05-23,6.29
1090,2017-06-04,29.99
1090,2017-08-18,15.47
1090,2017-10-06,15.87
1090,2017-10-21,15.47
1090,2017-12-05,27.49
1090,2017-12-10,12.28
1090,2017-12-13,35.82
1090,2018-01-12,55.77
1090,2018-01-21,29.25
1090,2018-01-25,27.79
1090,2018-03-06,7.30
1090,2018-04-20,24.65
1090,2018-04-25,33.48
1090,2018-05-26,30.44
1090,2018-05-31,18.2
1090,2018-06-03,44.50
1091,2016-12-31,97.25
1091,2018-05-10,26.25
1092,2016-12-31,12.00
1092,2017-10-14,59.85
1092,2017-10-30,14.88
1092,2017-11-19,15.47
1092,2017-11-22,12.48
1092,2017-11-28,15.87
1092,2017-12-28,48.47
1092,2018-01-14,10.00
1092,2018-05-19,71.33
1092,2018-06-26,42.87
1092,2018-07-07,61.95
1093,2016-12-31,24.05
1094,2016-12-31,31.48
1095,2016-12-31,50.2
1095,2017-02-01,33.42
1095,2017-02-02,27.49
1095,2017-06-21,13.00
1095,2017-08-25,53.02
1095,2017-10-10,41.48
1095,2017-10-22,15.50
1095,2017-11-02,359.07
1095,2017-11-8,17.47
1095,2017-12-25,219.23
1095,2018-02-19,14.88
1095,2018-05-17,37.98
1095,2018-06-15,40.56
1096,2016-12-31,205.42
1096,2017-02-05,27.99
1097,2016-12-31,61.60
1098,2016-12-31,27.00
1098,2017-06-26,42.0
1098,2017-07-20,12.28
1098,2017-08-08,22.49
1098,2017-11-23,42.80
1098,2017-12-9,44.24
1098,2017-12-26,12.28
1099,2016-12-31,74.32
1099,2017-01-30,60.56
1099,2017-03-31,49.49
1099,2017-03-31,29.84
1099,2017-07-21,38.37
1099,2017-08-04,16.47
1099,2017-10-11,15.50
1099,2017-10-14,14.88
1099,2017-11-20,43.17
1099,2018-03-05,26.25
1099,2018-03-14,13.48
1099,2018-05-23,22.05
1100,2016-12-31,27.07
1100,2017-08-30,29.48
1100,2017-09-17,15.47
1100,2018-06-28,13.28
1101,2016-12-31,10.28
1101,2017-03-27,53.18
1101,2017-05-14,24.05
1101,2017-05-19,6.49
1101,2017-06-22,26.28
1101,2017-07-16,15.87
1101,2017-08-02,61.15
1101,2017-10-16,50.79
1101,2017-10-30,6.29
1101,2017-11-26,26.49
1101,2017-12-14,18.46
1101,2018-03-13,72.34
1101,2018-04-17,7.00
1101,2018-05-15,13.50
1101,2018-06-28,33.48
1102,2016-12-31,66.50
1102,2017-01-09,52.8
1102,2017-01-16,14.48
1102,2017-01-23,30.43
1102,2017-02-01,60.17
1102,2017-02-27,53.97
1102,2017-05-04,13.09
1102,2017-06-10,23.2
1102,2017-06-12,13.50
1102,2017-06-16,12.28
1102,2017-06-20,35.82
1102,2017-06-21,64.97
1102,2017-06-27,7.30
1102,2017-06-30,28.49
1102,2017-08-24,28.28
1102,2017-08-31,12.28
1102,2017-09-03,16.47
1102,2017-09-17,44.50
1102,2017-09-18,37.54
1102,2017-09-22,119.92
1102,2017-10-10,42.57
1102,2017-10-18,26.49
1102,2017-10-27,40.48
1102,2017-11-06,51.39
1102,2017-11-10,12.00
1102,2017-11-27,58.4
1102,2017-11-28,12.39
1102,2017-12-04,5.30
1102,2017-12-05,12.76
1102,2017-12-16,102.99
1102,2018-01-15,41.80
1102,2018-01-18,26.58
1102,2018-01-24,74.72
1102,2018-01-27,83.93
1102,2018-02-18,30.09
1102,2018-02-23,11.28
1102,2018-02-26,29.84
1102,2018-03-08,25.85
1102,2018-03-17,24.88
1102,2018-05-04,20.05
1102,2018-05-21,17.2
1102,2018-07-06,13.08
1103,2016-12-31,27.26
1103,2017-01-03,78.77
1104,2016-12-31,15.47
1104,2017-10-27,27.64
1104,2017-12-12,56.86
1104,2017-12-18,28.50
1104,2018-02-13,180.22
1105,2016-12-31,31.23
1105,2017-01-29,55.02
1105,2017-05-17,48.49
1105,2017-06-03,12.28
1105,2017-10-16,29.24
1105,2017-11-06,39.0
1105,2018-01-01,14.48
1105,2018-01-17,29.48
1105,2018-01-26,12.48
1106,2016-12-31,41.9
1106,2017-11-02,14.50
1106,2017-11-25,18.4
1107,2016-12-31,55.55
1107,2017-01-04,17.50
1107,2017-01-05,175.50
1107,2017-01-12,14.48
1107,2017-01-19,42.59
1107,2017-01-23,47.79
1107,2017-01-27,29.00
1107,2017-02-05,14.48
1107,2017-02-13,17.50
1107,2017-03-05,26.25
1107,2017-03-19,29.25
1107,2017-04-11,16.87
1107,2017-05-15,10.49
1107,2017-05-20,16.47
1107,2017-05-31,60.4
1107,2017-06-07,147.66
1107,2017-06-08,69.73
1107,2017-06-28,50.84
1107,2017-07-21,11.29
1107,2017-07-24,14.88
1107,2017-07-27,50.56
1107,2017-08-10,44.2
1107,2017-08-10,131.97
1107,2017-08-21,91.34
1107,2017-08-26,68.99
1107,2017-08-29,27.50
1107,2017-09-19,25.24
1107,2017-09-27,35.37
1107,2017-09-29,12.28
1107,2017-10-15,10.49
1107,2017-10-15,13.09
1107,2017-10-24,57.47
1107,2017-10-27,20.50
1107,2017-11-18,25.49
1107,2017-11-24,80.95
1107,2017-11-27,13.00
1107,2017-12-7,15.00
1107,2017-12-16,18.4
1107,2017-12-20,15.47
1107,2018-01-17,47.50
1107,2018-01-28,12.28
1107,2018-02-02,8.89
1107,2018-02-08,89.2
1107,2018-02-19,22.05
1107,2018-02-24,65.50
1107,2018-03-10,15.50
1107,2018-03-20,58.77
1107,2018-04-10,12.28
1107,2018-05-14,24.97
1107,2018-06-07,41.99
1107,2018-06-07,15.47
1107,2018-07-02,41.2
1107,2018-07-09,14.88
1108,2016-12-31,16.00
1108,2017-01-17,32.23
1108,2017-04-14,13.48
1108,2017-04-22,26.65
1108,2017-06-09,13.48
1108,2017-07-11,24.84
1108,2017-07-17,15.50
1108,2017-08-18,29.35
1108,2017-09-14,15.8
1108,2017-09-18,31.23
1108,2017-09-21,51.6
1108,2017-09-21,22.46
1108,2017-10-9,16.50
1108,2017-10-24,64.86
1108,2017-10-31,30.66
1108,2017-11-8,40.02
1108,2017-11-8,46.25
1108,2017-11-13,45.86
1108,2017-11-17,20.50
1108,2017-11-25,55.78
1108,2017-11-29,32.80
1108,2017-12-04,19.50
1108,2017-12-13,14.50
1108,2017-12-13,14.48
1108,2017-12-22,49.49
1108,2018-01-01,46.49
1108,2018-01-08,35.49
1108,2018-02-14,23.65
1108,2018-05-08,34.97
1108,2018-05-23,20.51
1108,2018-06-01,38.6
1108,2018-06-03,29.24
1109,2016-12-31,48.22
1109,2017-02-11,14.88
1109,2017-03-28,42.83
1109,2017-04-08,77.1
1109,2017-04-17,20.47
1109,2017-04-17,29.50
1109,2017-04-19,36.50
1109,2017-04-23,24.99
1109,2017-04-26,15.47
1109,2017-05-08,14.50
1109,2017-05-11,20.28
1109,2017-05-11,44.37
1109,2017-07-01,46.19
1109,2017-07-01,26.49
1109,2017-07-24,14.48
1109,2017-08-05,15.87
1109,2017-08-09,42.48
1109,2017-08-18,25.67
1109,2017-08-22,41.48
1109,2017-08-27,12.28
1109,2017-09-12,31.82
1109,2017-09-13,61.17
1109,2017-09-23,15.47
1109,2017-10-06,43.87
1109,2017-10-8,45.22
1109,2017-10-21,42.48
1109,2017-10-30,17.50
1109,2017-11-8,47.64
1109,2017-11-16,15.2
1109,2017-11-20,10.28
1109,2017-12-01,22.99
1109,2018-01-13,83.47
1109,2018-01-17,11.53
1109,2018-01-17,26.51
1109,2018-02-12,56.78
1109,2018-02-14,16.87
1109,2018-02-14,37.98
1109,2018-03-06,85.72
1109,2018-03-18,176.96
1109,2018-03-29,30.49
1109,2018-06-24,14.48
1109,2018-06-25,32.02
1110,2016-12-31,14.48
1110,2017-01-05,13.50
1110,2017-01-21,30.43
1110,2017-04-04,38.98
1110,2017-05-18,92.39
1110,2017-05-26,36.99
1110,2017-05-29,188.19
1110,2017-07-22,12.09
1110,2017-09-04,27.18
1110,2017-10-04,15.47
1110,2017-10-05,30.09
1110,2017-10-14,31.98
1110,2017-11-25,12.39
1110,2017-12-04,55.46
1110,2018-04-09,30.50
1111,2016-12-31,14.88
1111,2017-06-15,35.82
1111,2017-06-18,30.00
1111,2017-07-17,26.50
1111,2017-07-27,12.28
1111,2017-08-13,12.28
1111,2017-08-28,55.47
1111,2018-02-09,7.30
1112,2016-12-31,22.49
1113,2016-12-31,45.48
1113,2017-09-12,17.4
1114,2016-12-31,15.50
1114,2016-12-31,25.24
1114,2017-03-02,20.88
1114,2018-02-04,14.48
1115,2016-12-31,126.88
1115,2017-04-26,52.97
1115,2017-05-05,68.2
1115,2017-05-24,15.87
1115,2017-09-18,10.50
1115,2017-10-22,21.25
1115,2017-11-03,16.47
1116,2016-12-31,52.78
1116,2017-05-05,44.40
1116,2017-06-02,31.83
1116,2017-10-12,27.24
1116,2017-10-28,24.65
1116,2018-01-08,37.27
1116,2018-03-19,33.50
1116,2018-06-27,16.47
1117,2016-12-31,10.49
1117,2017-02-22,52.97
1117,2018-03-23,22.04
1118,2016-12-31,14.50
1118,2017-09-15,13.00
1118,2018-03-21,29.44
1118,2018-05-01,13.30
1118,2018-05-23,30.43
1118,2018-07-01,41.00
1119,2016-12-31,10.00
1119,2017-02-27,21.27
1119,2017-03-27,5.00
1119,2017-07-05,30.84
1119,2017-07-18,96.42
1119,2017-09-23,26.49
1119,2017-11-24,14.88
1119,2018-03-24,141.67
1119,2018-05-21,39.99
1119,2018-07-04,36.02
1120,2016-12-31,30.43
1121,2016-12-31,6.00
1122,2016-12-31,11.50
1122,2017-01-22,7.30
1122,2017-02-27,12.28
1122,2017-03-31,53.47
1122,2017-04-14,76.7
1122,2017-04-20,40.45
1122,2017-04-26,26.64
1122,2017-05-05,73.33
1122,2017-06-19,24.85
1122,2017-07-25,14.8
1122,2017-07-31,26.49
1122,2017-08-05,9.00
1122,2017-08-18,33.48
1122,2017-08-24,26.49
1122,2017-08-24,28.44
1122,2017-09-06,58.05
1122,2017-09-06,8.29
1122,2017-11-01,14.48
1122,2017-11-14,22.48
1122,2017-11-18,13.28
1122,2017-11-23,15.00
1122,2017-11-25,17.00
1122,2017-12-10,30.09
1122,2017-12-15,25.88
1122,2017-12-24,15.47
1122,2018-01-05,12.28
1122,2018-03-11,84.55
1122,2018-03-23,25.50
1122,2018-04-02,14.48
1122,2018-05-22,14.50
1122,2018-05-25,76.48
1122,2018-06-01,24.99
1122,2018-06-06,27.49
1122,2018-06-11,18.00
1123,2016-12-31,15.50
1123,2017-01-01,62.46
1123,2017-01-08,14.28
1123,2017-01-29,22.2
1123,2017-03-13,15.47
1123,2017-03-30,64.18
1123,2017-04-20,43.8
1123,2017-05-02,103.96
1123,2017-06-21,12.28
1123,2017-07-02,32.49
1123,2017-07-07,10.48
1123,2017-07-26,15.87
1123,2017-08-10,15.47
1123,2017-09-20,20.28
1123,2017-10-05,38.24
1123,2017-10-31,37.96
1123,2017-12-17,30.43
1123,2018-01-06,79.52
1123,2018-02-02,42.48
1123,2018-02-15,36.62
1123,2018-03-05,75.44
1123,2018-03-26,74.80
1123,2018-04-24,16.00
1123,2018-05-13,14.48
1123,2018-05-19,39.48
1123,2018-07-02,40.98
1124,2016-12-31,110.50
1124,2017-01-20,21.25
1125,2016-12-31,29.99
1125,2017-11-16,12.28
1125,2017-12-01,42.4
1125,2018-04-02,49.59
1125,2018-06-23,52.79
1126,2016-12-31,24.25
1126,2017-03-12,25.49
1126,2017-05-22,37.82
1126,2017-06-03,61.85
1126,2017-06-19,202.06
1126,2017-06-25,6.79
1126,2017-07-18,15.50
1126,2017-07-24,111.48
1126,2017-08-18,32.27
1126,2017-08-31,69.14
1126,2017-10-01,29.00
1126,2017-10-06,41.98
1126,2017-10-8,82.47
1126,2017-10-9,13.50
1126,2017-10-10,37.48
1126,2017-10-21,18.24
1126,2017-10-31,14.48
1126,2017-11-7,15.8
1126,2017-11-9,38.82
1126,2017-11-14,13.00
1126,2017-11-23,45.03
1126,2017-12-8,36.23
1126,2017-12-8,55.55
1126,2017-12-14,26.25
1126,2018-01-07,21.49
1126,2018-01-14,28.49
1126,2018-01-30,13.48
1126,2018-01-30,32.48
1126,2018-02-02,26.99
1126,2018-02-04,55.4
1126,2018-02-05,15.4
1126,2018-02-10,12.39
1126,2018-03-05,15.47
1126,2018-03-26,144.59
1126,2018-03-27,56.34
1126,2018-03-29,41.25
1126,2018-05-16,14.09
1126,2018-06-06,14.28
1126,2018-06-22,26.44
1127,2016-12-31,8.49
1127,2018-06-30,14.88
1128,2016-12-31,30.24
1128,2017-01-24,116.84
1128,2017-02-03,17.8
1128,2017-03-20,16.47
1128,2017-03-20,15.47
1128,2017-03-23,49.79
1128,2017-03-23,57.46
1129,2016-12-31,14.88
1130,2016-12-31,92.43
1131,2016-12-31,113.23
1131,2017-01-29,66.94
1131,2017-09-12,75.7
1131,2018-02-24,14.23
1131,2018-03-30,47.47
1131,2018-05-14,43.48
1131,2018-06-22,22.49
1132,2016-12-31,16.4
1132,2017-04-18,9.48
1133,2016-12-31,26.49
1133,2017-01-25,14.28
1133,2017-02-03,24.50
1133,2017-02-05,30.49
1133,2017-03-07,28.85
1133,2017-03-25,47.51
1133,2017-04-07,41.24
1133,2017-04-11,28.45
1133,2017-04-15,40.49
1133,2017-04-19,62.98
1133,2017-06-01,36.48
1133,2017-06-03,13.50
1133,2017-06-27,42.95
1133,2017-07-03,13.00
1133,2017-07-12,15.47
1133,2017-07-12,34.50
1133,2017-07-24,41.07
1133,2017-08-19,25.49
1133,2017-10-7,10.48
1133,2017-10-13,113.43
1133,2017-11-01,49.96
1133,2017-11-13,52.13
1133,2017-11-14,15.47
1133,2017-11-22,29.27
1133,2017-11-25,14.48
1133,2017-12-03,12.28
1133,2017-12-24,37.20
1133,2018-01-22,53.4
1133,2018-02-08,28.45
1133,2018-02-11,12.39
1133,2018-02-27,25.49
1133,2018-03-05,51.59
1133,2018-03-07,14.88
1133,2018-03-08,24.25
1133,2018-03-31,27.45
1133,2018-04-13,11.50
1133,2018-05-03,147.58
1133,2018-05-18,82.46
1133,2018-05-19,16.50
1133,2018-06-22,14.48
1133,2018-06-28,31.23
1133,2018-07-03,19.27
1133,2018-07-12,14.48
1134,2016-12-31,40.56
1134,2017-02-17,104.92
1134,2017-02-22,15.47
1134,2017-03-04,99.1
1134,2017-04-17,75.7
1134,2017-10-05,103.44
1134,2018-02-09,28.45
1134,2018-03-24,88.14
1134,2018-04-28,47.35
1134,2018-06-07,32.99
1135,2016-12-31,20.28
1135,2017-04-23,17.26
1135,2017-09-02,15.00
1135,2017-11-20,75.46
1135,2017-12-11,29.25
1135,2018-02-11,20.50
1135,2018-03-05,118.96
1135,2018-06-24,18.00
1136,2016-12-31,16.87
1136,2017-07-10,29.44
1137,2016-12-31,95.2
1137,2018-02-09,47.63
1138,2016-12-31,14.28
1138,2017-01-21,14.48
1138,2017-02-18,13.50
1138,2017-04-01,12.28
1138,2017-04-09,25.49
1138,2017-04-10,8.49
1138,2017-04-24,62.98
1138,2017-04-26,10.49
1138,2017-05-04,15.87
1138,2017-05-04,13.00
1138,2017-05-13,59.36
1138,2017-05-16,222.8
1138,2017-05-24,56.80
1138,2017-06-22,14.88
1138,2017-06-25,61.39
1138,2017-07-04,13.30
1138,2017-07-08,12.00
1138,2017-07-12,55.35
1138,2017-08-05,12.28
1138,2017-08-10,15.28
1138,2017-08-28,40.24
1138,2017-09-02,14.88
1138,2017-09-08,12.28
1138,2017-09-11,23.25
1138,2017-10-03,14.88
1138,2017-10-06,104.45
1138,2017-10-7,36.47
1138,2017-10-27,43.49
1138,2017-11-02,36.06
1138,2017-11-03,50.4
1138,2017-11-26,12.29
1138,2017-12-01,29.24
1138,2017-12-06,23.50
1138,2017-12-06,49.98
1138,2017-12-7,10.00
1138,2017-12-9,37.37
1138,2017-12-23,137.56
1138,2018-01-11,13.08
1138,2018-01-13,45.39
1138,2018-01-21,22.49
1138,2018-02-01,14.50
1138,2018-02-07,29.25
1138,2018-02-11,93.9
1138,2018-03-09,25.49
1138,2018-03-12,9.28
1138,2018-05-07,29.84
1139,2016-12-31,57.47
1140,2016-12-31,75.46
1141,2016-12-31,54.02
1142,2016-12-31,32.00
1142,2017-01-13,60.96
1142,2017-01-19,15.87
1142,2017-02-12,9.48
1142,2017-02-19,10.00
1142,2017-02-26,58.36
1142,2017-05-12,39.28
1142,2017-09-30,30.50
1142,2017-10-23,19.50
1142,2017-10-23,75.72
1142,2017-10-27,43.2
1142,2017-11-28,71.44
1142,2017-12-06,39.46
1142,2018-03-15,35.48
1142,2018-03-16,10.00
1142,2018-04-13,15.47
1142,2018-06-12,100.44
1142,2018-06-27,18.50
1143,2016-12-31,14.48
1143,2017-01-08,22.48
1143,2017-01-26,6.27
1143,2017-01-27,15.87
1143,2017-02-01,24.49
1143,2017-04-19,36.28
1143,2017-06-24,55.39
1143,2017-09-03,56.97
1143,2017-10-03,13.50
1143,2017-10-27,96.87
1143,2018-02-09,25.65
1144,2016-12-31,20.50
1145,2016-12-31,6.49
1145,2017-03-11,47.98
1145,2017-10-01,26.65
1145,2017-11-9,20.27
1145,2017-12-10,29.84
1145,2018-03-30,24.05
1145,2018-04-02,7.28
1145,2018-06-28,14.48
1145,2018-07-06,14.48
1146,2016-12-31,50.38
1146,2017-01-06,34.3
1146,2017-01-27,45.03
1146,2017-02-09,10.00
1146,2017-02-26,75.60
1146,2017-02-26,15.2
1146,2017-04-23,26.05
1146,2017-05-07,60.35
1146,2017-05-25,93.75
1146,2017-06-03,15.00
1146,2017-08-16,73.64
1146,2017-08-27,16.4
1146,2017-09-02,27.24
1146,2017-09-20,18.00
1146,2017-10-03,28.45
1146,2017-10-15,14.50
1146,2017-10-17,15.2
1146,2017-11-04,16.87
1146,2017-11-17,13.00
1146,2017-11-18,30.09
1146,2017-11-25,50.19
1146,2017-11-30,20.49
1146,2017-11-30,54.47
1146,2017-12-12,40.9
1146,2017-12-18,84.70
1146,2017-12-20,24.05
1146,2017-12-27,23.48
1146,2018-01-17,13.27
1146,2018-04-15,15.87
1146,2018-07-01,28.28
1147,2016-12-31,28.49
1148,2016-12-31,48.87
1148,2017-04-17,59.40
1148,2017-05-24,15.50
1148,2017-08-26,32.43
1148,2017-10-23,12.28
1148,2017-10-27,40.22
1148,2017-11-01,12.28
1148,2017-11-17,30.50
1148,2018-04-10,16.27
1149,2016-12-31,34.49
1149,2017-02-13,77.50
1149,2017-03-10,466.83
1149,2017-03-13,98.30
1149,2017-03-16,50.48
1149,2017-04-17,100.55
1149,2017-04-20,10.00
1149,2017-04-27,15.87
1149,2017-05-02,32.05
1149,2017-05-06,22.05
1149,2017-05-08,28.99
1149,2017-05-12,33.82
1149,2017-05-20,12.28
1149,2017-06-03,14.48
1149,2017-06-17,35.74
1149,2017-06-18,15.47
1149,2017-06-20,59.58
1149,2017-07-24,29.44
1149,2017-07-31,29.44
1149,2017-08-13,22.2
1149,2017-08-14,30.43
1149,2017-08-24,12.07
1149,2017-09-07,85.93
1149,2017-09-19,139.53
1149,2017-09-20,39.98
1149,2017-09-30,83.45
1149,2017-10-06,28.08
1149,2017-10-15,14.88
1149,2017-10-20,15.87
1149,2017-10-30,12.28
1149,2017-11-03,12.00
1149,2017-11-03,58.76
1149,2017-11-04,32.99
1149,2017-11-10,14.50
1149,2017-11-10,74.46
1149,2017-11-12,13.00
1149,2017-11-24,72.18
1149,2017-11-25,89.3
1149,2017-11-28,12.28
1149,2017-12-12,12.28
1149,2017-12-13,37.98
1149,2018-01-09,15.50
1149,2018-01-10,53.99
1149,2018-01-13,28.49
1149,2018-01-14,40.0
1149,2018-02-01,44.24
1149,2018-02-06,59.25
1149,2018-02-11,48.88
1149,2018-02-17,41.48
1149,2018-02-23,13.48
1149,2018-03-07,26.64
1149,2018-03-17,46.98
1149,2018-04-05,45.9
1149,2018-04-10,38.57
1149,2018-04-10,14.88
1149,2018-04-17,51.24
1149,2018-04-20,63.98
1149,2018-04-23,24.97
1149,2018-04-25,28.85
1149,2018-05-03,54.48
1149,2018-05-11,70.97
1149,2018-05-11,13.50
1149,2018-05-13,25.25
1149,2018-05-14,15.50
1149,2018-05-24,14.28
1149,2018-06-05,7.00
1149,2018-06-07,11.29
1149,2018-06-17,12.28
1149,2018-06-23,12.50
1149,2018-07-04,43.86
1149,2018-07-12,14.88
1150,2016-12-31,11.28
1150,2017-02-11,80.45
1150,2017-04-15,14.2
1150,2017-04-19,32.96
1150,2017-05-27,59.18
1150,2017-06-29,32.84
1150,2017-08-08,26.08
1150,2017-08-17,9.84
1150,2017-11-7,29.25
1150,2017-11-21,42.50
1150,2018-01-21,3.50
1150,2018-02-25,66.95
1150,2018-03-03,14.48
1151,2016-12-31,14.88
1151,2017-04-23,29.49
1152,2016-12-31,42.48
1153,2016-12-31,30.82
1154,2016-12-31,15.30
1154,2017-01-01,37.98
1154,2017-04-05,61.96
1154,2017-06-11,38.97
1154,2017-08-03,129.30
1154,2017-09-03,65.96
1154,2017-09-11,63.48
1154,2017-09-25,56.00
1154,2017-11-21,15.47
1154,2017-11-22,48.19
1154,2017-12-27,31.44
1154,2017-12-31,27.07
1154,2018-06-20,42.42
1155,2016-12-31,16.00
1155,2017-02-25,10.28
1155,2017-05-18,50.47
1155,2017-09-23,51.94
1155,2017-09-26,15.30
1155,2017-11-02,14.88
1155,2017-12-17,36.98
1155,2018-03-03,44.46
1155,2018-03-06,32.8
1156,2016-12-31,14.48
1156,2017-02-06,52.99
1156,2017-05-06,36.42
1156,2017-08-08,13.50
1156,2017-10-23,41.48
1156,2017-12-23,10.48
1157,2016-12-31,39.51
1158,2016-12-31,57.0
1158,2017-01-12,239.29
1158,2017-01-29,53.48
1158,2017-03-04,151.17
1158,2017-04-04,13.00
1158,2017-04-06,36.98
1158,2017-04-29,48.97
1158,2017-04-29,12.28
1158,2017-05-11,50.18
1158,2017-06-03,24.99
1158,2017-06-26,14.88
1158,2017-07-01,11.28
1158,2017-07-18,14.50
1158,2017-09-02,24.99
1158,2017-09-15,28.49
1158,2017-09-16,27.49
1158,2017-09-24,72.20
1158,2017-10-01,45.28
1159,2016-12-31,10.49
1160,2016-12-31,25.38
1160,2017-01-08,32.99
1160,2017-01-20,12.00
1160,2017-03-06,38.64
1160,2017-03-14,57.57
1160,2017-03-14,27.50
1160,2017-03-15,52.97
1160,2017-04-01,59.57
1160,2017-04-11,26.99
1160,2017-04-16,22.8
1160,2017-04-17,57.56
1160,2017-05-01,60.47
1160,2017-05-16,14.88
1160,2017-05-25,24.27
1160,2017-06-11,13.00
1160,2017-06-24,12.28
1160,2017-06-25,12.50
1160,2017-06-27,14.88
1160,2017-07-05,39.50
1160,2017-07-09,19.27
1160,2017-07-14,12.50
1160,2017-07-16,28.05
1160,2017-08-01,57.02
1160,2017-08-02,93.20
1160,2017-08-16,14.48
1160,2017-08-29,13.50
1160,2017-08-30,58.79
1160,2017-09-06,13.48
1160,2017-09-15,15.50
1160,2017-09-16,122.88
1160,2017-09-18,14.48
1160,2017-09-21,12.28
1160,2017-09-24,187.18
1160,2017-09-25,27.07
1160,2017-09-26,13.00
1160,2017-09-28,38.84
1160,2017-10-03,81.46
1160,2017-10-03,14.50
1160,2017-10-9,110.40
1160,2017-10-10,39.50
1160,2017-10-12,12.28
1160,2017-10-12,15.47
1160,2017-10-16,27.99
1160,2017-10-19,15.87
1160,2017-10-19,15.87
1160,2017-10-20,16.27
1160,2017-10-20,15.50
1160,2017-10-25,13.28
1160,2017-10-27,34.78
1160,2017-10-28,62.77
1160,2017-10-28,30.1
1160,2017-10-30,25.83
1160,2017-10-31,260.25
1160,2017-10-31,15.47
1160,2017-10-31,12.00
1160,2017-10-31,29.87
1160,2017-11-01,51.19
1160,2017-11-03,53.97
1160,2017-11-04,9.00
1160,2017-11-04,41.48
1160,2017-11-04,16.00
1160,2017-11-06,13.48
1160,2017-11-7,25.49
1160,2017-11-8,132.37
1160,2017-11-9,15.87
1160,2017-11-10,37.43
1160,2017-11-12,58.82
1160,2017-11-14,47.47
1160,2017-11-17,14.88
1160,2017-11-19,64.97
1160,2017-11-20,0.51
1160,2017-11-20,15.47
1160,2017-11-20,20.2
1160,2017-11-21,29.44
1160,2017-11-23,24.58
1160,2017-11-24,22.09
1160,2017-11-27,13.50
1160,2017-11-27,15.47
1160,2017-11-28,27.49
1160,2017-12-02,17.27
1160,2017-12-02,23.48
1160,2017-12-03,45.39
1160,2017-12-05,70.39
1160,2017-12-05,24.27
1160,2017-12-05,97.44
1160,2017-12-06,50.49
1160,2017-12-06,12.28
1160,2017-12-8,69.50
1160,2017-12-9,28.09
1160,2017-12-9,4.00
1160,2017-12-10,45.79
1160,2017-12-10,31.24
1160,2017-12-10,30.50
1160,2017-12-11,114.4
1160,2017-12-13,38.26
1160,2017-12-15,17.8
1160,2017-12-20,25.99
1160,2017-12-26,57.47
1160,2018-01-01,112.7
1160,2018-01-05,11.00
1160,2018-02-16,12.49
1160,2018-02-20,23.45
1160,2018-03-06,21.50
1160,2018-03-18,34.99
1160,2018-03-19,42.20
1160,2018-04-05,9.28
1160,2018-04-12,27.94
1160,2018-04-18,147.73
1160,2018-05-08,31.1
1160,2018-05-09,10.28
1160,2018-05-20,73.40
1160,2018-05-23,67.47
1160,2018-06-01,26.28
1160,2018-06-13,16.87
1160,2018-06-27,10.28
1160,2018-06-27,39.97
1161,2016-12-31,31.18
1161,2017-01-03,47.6
1161,2017-07-15,31.04
1161,2017-09-10,29.84
1161,2017-10-29,25.49
1161,2017-11-20,40.47
1161,2017-12-27,131.79
1161,2018-02-12,10.50
1162,2016-12-31,18.00
1162,2017-02-13,10.50
1163,2016-12-31,44.02
1163,2017-09-03,14.48
1163,2017-11-16,26.25
1164,2016-12-31,14.48
1164,2017-05-07,41.80
1164,2017-11-7,25.25
1165,2016-12-31,30.83
1165,2017-01-08,25.25
1166,2016-12-31,18.50
1166,2017-02-02,27.49
1166,2017-03-16,12.28
1166,2017-04-01,44.98
1166,2017-04-04,55.86
1166,2017-04-08,18.87
1166,2017-04-27,10.50
1166,2017-05-05,53.97
1166,2017-05-29,35.48
1166,2017-07-03,51.24
1167,2016-12-31,14.48
1167,2017-02-09,13.50
1167,2017-03-03,66.60
1167,2017-04-20,16.50
1167,2017-05-20,12.28
1167,2017-06-02,21.48
1167,2017-06-02,10.09
1167,2017-06-10,20.05
1167,2017-06-10,14.88
1167,2017-06-19,71.95
1167,2017-06-30,43.37
1167,2017-07-01,15.47
1167,2017-07-16,33.50
1167,2017-07-27,119.23
1167,2017-08-31,27.88
1167,2017-09-05,14.48
1167,2017-09-07,38.07
1167,2017-10-01,15.00
1167,2017-10-29,56.48
1167,2017-11-7,11.28
1167,2017-11-28,96.49
1167,2017-11-29,42.53
1167,2017-11-30,15.50
1167,2017-12-15,20.28
1167,2017-12-17,30.49
1167,2017-12-18,27.49
1167,2018-02-08,207.53
1167,2018-03-02,11.28
1167,2018-03-07,43.4
1167,2018-03-09,6.28
1167,2018-03-18,28.49
1167,2018-03-21,44.20
1167,2018-03-27,29.84
1167,2018-04-17,12.28
1167,2018-06-07,15.00
1167,2018-06-07,147.77
1167,2018-06-09,14.50
1167,2018-07-02,33.00
1168,2016-12-31,42.20
1168,2017-03-17,11.50
1168,2017-03-31,62.48
1168,2017-06-03,56.96
1169,2016-12-31,28.49
1169,2017-05-05,23.58
1169,2017-05-12,21.50
1169,2017-07-03,16.27
1169,2017-07-21,18.39
1169,2017-09-14,90.00
1169,2017-09-21,12.48
1169,2017-12-05,8.89
1169,2017-12-24,51.94
1169,2018-01-17,12.28
1169,2018-02-01,114.07
1169,2018-02-27,36.62
1169,2018-04-10,12.50
1169,2018-04-10,27.24
1169,2018-04-22,13.00
1169,2018-05-02,45.20
1169,2018-05-11,15.87
1169,2018-05-12,12.07
1169,2018-05-24,18.2
1169,2018-06-05,64.52
1170,2016-12-31,15.47
1170,2017-04-01,168.16
1170,2017-07-17,11.50
1171,2016-12-31,18.50
1171,2017-03-25,34.98
1171,2017-06-17,10.50
1171,2017-09-05,120.22
1172,2016-12-31,42.0
1172,2017-02-03,13.00
1172,2017-08-06,14.50
1172,2017-10-02,50.76
1173,2016-12-31,14.48
1174,2016-12-31,12.76
1174,2017-01-16,20.48
1174,2017-02-15,14.98
1174,2017-02-17,98.43
1174,2017-02-23,44.85
1174,2017-03-01,13.28
1174,2017-03-02,15.47
1175,2016-12-31,36.47
1175,2017-01-11,12.00
1175,2017-01-17,201.08
1175,2017-02-28,23.05
1176,2016-12-31,16.50
1176,2017-01-16,15.87
1176,2017-09-12,180.42
1176,2017-10-27,39.37
1177,2016-12-31,33.50
1177,2017-01-20,72.54
1177,2017-02-11,14.48
1177,2017-04-10,35.85
1178,2016-12-31,21.29
1178,2018-03-05,14.48
1179,2016-12-31,37.82
1180,2016-12-31,35.82
1180,2017-03-14,15.47
1181,2016-12-31,29.84
1182,2016-12-31,21.27
1183,2016-12-31,66.46
1183,2017-01-05,62.50
1184,2016-12-31,58.36
1184,2017-03-29,17.99
1184,2017-04-23,31.49
1184,2017-06-02,74.49
1184,2017-06-03,11.28
1184,2017-06-16,262.30
1185,2016-12-31,22.99
1185,2017-01-12,52.38
1185,2017-01-13,53.78
1185,2017-03-21,12.39
1185,2017-04-07,10.48
1185,2017-04-11,59.36
1185,2017-04-24,30.4
1185,2017-04-29,12.28
1185,2017-06-09,45.25
1185,2017-06-19,80.82
1185,2017-06-20,12.28
1185,2017-07-28,13.50
1185,2017-08-09,58.58
1185,2017-08-22,31.42
1185,2017-09-08,219.00
1185,2017-09-14,25.99
1185,2017-09-27,26.49
1185,2017-10-04,31.54
1185,2017-10-16,49.99
1185,2017-10-17,39.48
1185,2017-10-27,102.48
1185,2017-10-30,72.96
1185,2017-11-03,15.30
1185,2017-11-9,13.50
1185,2017-11-14,39.48
1185,2017-11-26,16.27
1185,2017-11-28,12.00
1185,2017-11-30,30.43
1185,2017-12-02,15.47
1185,2017-12-7,30.26
1185,2017-12-10,58.10
1186,2016-12-31,23.99
1186,2017-01-05,15.47
1186,2017-01-20,12.28
1187,2016-12-31,83.32
1187,2017-03-13,30.84
1187,2017-06-09,40.02
1188,2016-12-31,28.45
1188,2017-01-03,15.47
1188,2017-02-03,12.28
1188,2017-03-08,12.39
1188,2017-03-15,77.99
1188,2017-04-03,12.39
1188,2017-05-04,29.24
1188,2017-05-06,36.87
1188,2017-05-06,3.50
1188,2017-05-20,12.2
1188,2017-06-06,145.98
1188,2017-06-18,24.99
1188,2017-07-01,12.76
1188,2017-07-15,13.50
1188,2017-08-03,35.26
1188,2017-08-19,146.88
1188,2017-09-08,14.48
1188,2017-09-17,68.57
1188,2017-09-22,14.88
1188,2017-09-24,73.76
1188,2017-10-06,12.28
1188,2017-10-20,15.47
1188,2017-11-04,106.46
1188,2017-12-13,10.48
1188,2017-12-24,24.05
1188,2018-01-06,12.28
1188,2018-02-05,38.24
1188,2018-02-28,15.50
1188,2018-02-28,60.47
1188,2018-03-07,38.37
1188,2018-03-14,61.50
1189,2016-12-31,75.45
1189,2017-08-09,49.88
1189,2017-10-17,29.64
1189,2017-11-26,20.28
1189,2017-11-30,21.26
1189,2017-12-22,86.84
1189,2018-01-10,40.00
1189,2018-01-22,26.65
1189,2018-05-29,10.49
1189,2018-06-15,20.06
1190,2016-12-31,38.0
1190,2017-01-17,26.65
1190,2017-02-21,14.48
1190,2017-03-01,21.60
1190,2017-03-14,105.45
1190,2017-04-28,64.20
1190,2017-06-26,26.25
1190,2017-07-19,60.85
1190,2017-09-17,15.47
1190,2017-12-10,14.48
1190,2018-01-29,18.47
1190,2018-02-01,72.00
1190,2018-02-24,10.28
1190,2018-03-03,14.50
1190,2018-04-04,58.47
1190,2018-05-13,13.49
1190,2018-06-03,14.48
1191,2016-12-31,59.76
1191,2017-01-05,106.93
1191,2017-01-06,64.95
1191,2017-01-27,22.28
1191,2017-01-29,67.48
1191,2017-02-20,21.48
1192,2016-12-31,83.85
1192,2017-01-05,44.80
1192,2017-01-15,15.30
1193,2016-12-31,35.48
1193,2017-03-04,50.14
1193,2017-12-30,79.03
1193,2018-02-10,12.00
1194,2016-12-31,0.51
1194,2017-08-10,16.47
1194,2017-08-12,14.88
1194,2017-08-29,42.49
1194,2017-09-13,12.76
1194,2017-12-13,15.47
1194,2018-01-22,19.28
1194,2018-02-16,30.84
1194,2018-05-15,44.19
1194,2018-05-16,44.98
1194,2018-05-26,59.98
1194,2018-06-07,13.00
1195,2016-12-31,44.2
1195,2017-01-23,15.47
1195,2017-03-05,15.87
1195,2017-04-05,40.46
1195,2017-07-16,70.65
1195,2017-08-27,15.47
1195,2017-10-19,30.49
1195,2017-11-17,15.30
1195,2017-11-21,12.76
1195,2017-12-06,6.29
1195,2018-01-04,37.48
1195,2018-02-04,13.50
1195,2018-02-06,12.39
1195,2018-05-14,12.28
1196,2016-12-31,20.50
1197,2016-12-31,21.99
1197,2017-04-04,22.50
1197,2018-01-30,39.86
1197,2018-04-16,15.50
1198,2016-12-31,52.38
1199,2016-12-31,20.50
1199,2017-02-12,51.49
1200,2016-12-31,58.97
1200,2017-02-09,26.25
1200,2017-03-19,18.49
1200,2017-04-25,164.03
1200,2017-05-02,20.50
1200,2017-05-24,36.50
1200,2017-05-29,20.28
1200,2017-08-02,25.25
1200,2017-09-11,507.48
1200,2017-09-13,17.2
1200,2017-10-9,44.08
1200,2017-10-30,58.17
1200,2017-10-30,24.99
1200,2017-11-18,20.50
1200,2017-11-22,35.1
1200,2017-11-25,14.50
1200,2017-12-05,33.25
1200,2017-12-9,70.96
1200,2018-01-11,14.50
1200,2018-02-12,44.8
1200,2018-02-17,29.88
1200,2018-03-02,42.97
1200,2018-04-19,13.00
1200,2018-07-13,27.64
1201,2016-12-31,55.48
1202,2016-12-31,53.20
1202,2017-01-16,12.00
1202,2017-01-17,36.50
1202,2017-01-25,74.2
1202,2017-02-15,14.00
1202,2017-02-23,33.02
1203,2016-12-31,15.47
1203,2017-09-07,15.47
1203,2017-09-21,85.45
1203,2017-10-02,33.98
1203,2017-12-02,45.40
1203,2018-02-18,42.20
1203,2018-03-06,34.27
1203,2018-03-25,30.66
1204,2016-12-31,20.50
1205,2016-12-31,62.95
1205,2017-02-17,15.30
1205,2017-03-24,19.00
1205,2017-04-24,30.24
1205,2017-10-26,15.87
1205,2017-11-19,10.48
1205,2017-12-20,39.48
1205,2018-02-15,12.28
1205,2018-04-08,16.2
1205,2018-04-20,25.65
1205,2018-04-26,14.50
1205,2018-05-14,56.79
1205,2018-06-14,18.4
1206,2016-12-31,43.64
1206,2016-12-31,27.64
1206,2017-04-01,59.98
1206,2017-07-21,24.50
1206,2017-07-28,10.50
1206,2017-08-02,72.13
1206,2017-10-05,28.86
1206,2017-10-8,13.50
1206,2018-06-29,68.75
1207,2016-12-31,14.48
1207,2017-02-17,40.22
1207,2017-06-08,56.47
1207,2017-10-04,25.47
1207,2017-11-14,19.05
1207,2018-01-29,59.46
1207,2018-02-15,30.50
1207,2018-05-26,6.29
1207,2018-06-11,63.86
1208,2016-12-31,28.27
1208,2017-02-21,19.27
1209,2016-12-31,49.82
1210,2016-12-31,64.75
1210,2017-01-15,38.48
1210,2017-03-05,13.50
1210,2017-04-07,10.28
1210,2017-04-22,29.44
1210,2017-07-23,60.49
1210,2017-10-8,12.28
1210,2018-02-08,11.28
1210,2018-05-17,54.47
1211,2016-12-31,16.27
1212,2016-12-31,14.05
1213,2016-12-31,49.9
1213,2017-01-18,42.48
1213,2017-02-21,20.49
1213,2017-07-06,41.98
1213,2017-12-20,43.44
1213,2018-01-24,29.84
1213,2018-02-11,12.48
1213,2018-02-12,30.66
1213,2018-02-19,89.45
1213,2018-04-04,18.27
1213,2018-05-07,31.49
1213,2018-05-12,25.49
1213,2018-05-20,12.29
1214,2016-12-31,58.08
1215,2016-12-31,56.98
1216,2016-12-31,70.98
1216,2017-01-04,61.98
1216,2017-01-26,31.23
1217,2016-12-31,25.65
1217,2017-02-03,15.50
1217,2017-03-01,80.62
1217,2017-03-10,16.2
1217,2017-03-10,10.50
1218,2016-12-31,17.87
1218,2017-02-28,16.27
1219,2016-12-31,13.50
1219,2017-01-26,24.25
1219,2017-04-26,36.37
1219,2017-09-01,12.28
1219,2017-09-05,18.87
1219,2017-10-26,39.02
1219,2017-11-19,44.43
1219,2017-11-22,12.00
1219,2017-12-02,15.47
1219,2017-12-05,45.48
1219,2017-12-06,26.05
1219,2017-12-16,28.50
1219,2017-12-21,59.47
1219,2017-12-25,21.49
1219,2017-12-27,21.88
1219,2018-01-14,16.87
1219,2018-03-02,29.93
1219,2018-03-07,39.8
1219,2018-05-04,20.50
1220,2016-12-31,32.1
1221,2016-12-31,12.28
1221,2017-01-03,14.48
1221,2017-03-23,15.00
1221,2017-07-17,12.00
1221,2017-07-26,56.57
1221,2017-08-30,36.25
1221,2017-11-02,22.27
1221,2017-11-05,13.09
1221,2017-11-21,16.87
1221,2017-11-25,41.6
1221,2017-12-30,25.24
1221,2018-01-14,15.87
1221,2018-01-20,27.08
1221,2018-03-06,130.33
1221,2018-05-11,14.88
1222,2016-12-31,45.28
1222,2017-02-28,99.72
4745,2017-02-08,34.02
5467,2016-12-31,7.30
5467,2017-02-22,14.48